000000004118 | Bitcoin-Apps 2026： Trade Republic vs. Bitpanda, Bison & Co | https：⧸⧸www.youtube.com⧸watch？v=qZz7X3rGIq8
000000024595 | Can you afford a child？ All costs calculated. | https：⧸⧸www.youtube.com⧸watch？v=K2KHeqi3zRQ
000000023286 | Wann zahlt die BU nicht？ | https：⧸⧸www.youtube.com⧸watch？v=AgmTtW4OEho
000000038970 | Waren Immobilien früher wirklich günstiger？ | https：⧸⧸www.youtube.com⧸watch？v=gcVrDdtsMnw
000000039139 | Can your investment be too safe？ ｜ Saidi's Two-Fans | https：⧸⧸www.youtube.com⧸watch？v=GO_7uLae3Iw
000000042915 | Breaking News： Bessere Förderung fürs AV-Depot (#289) | https：⧸⧸www.youtube.com⧸watch？v=OvM0WmGPvjo
000000120785 | Cost trap with retirement savings accounts： Here's why you need to act now | https：⧸⧸www.youtube.com⧸watch？v=en6bCksGC7E
000000014340 | Savings, ETFs, pensions： Answers to the most important money questions of young people | https：⧸⧸www.youtube.com⧸watch？v=t0OQxcZjMpU
000000036099 | Retirement savings account： This is the catch | https：⧸⧸www.youtube.com⧸watch？v=L0yBD7BfsZE
000000122353 | No more money for solar power from 2027： Photovoltaics without feed-in tariffs = losing proposition？ | https：⧸⧸www.youtube.com⧸watch？v=Jz1yrIlsb3M
BAMF Integration Course Freeze 2026,integrationskurs freeze alternatives,high,informational,integrationskurs-2026-freeze